var2,electricity_consumption
A,298.24545346487577
B,361.3271889400922
C,287.99134615384617
